mean_reward,loss,epsilon,episodes,collision_rate,step
2.9572323031154917,0,1.0,259,0.3938223938223938,1000
2.9572323031154917,0,1.0,510,0.3509803921568627,2000
4.5,0,1.0,759,0.33992094861660077,3000
3.4,0,1.0,1011,0.34421364985163205,4000
3.2,0,1.0,1256,0.33121019108280253,5000
