mean_reward,loss,epsilon,episodes,collision_rate,step
7.210653768783433,0,1.0,118,0.8220338983050848,1000
7.478187294504965,0,1.0,233,0.8369098712446352,2000
7.101610105896728,0,1.0,354,0.8418079096045198,3000
8.423840424928372,0,1.0,466,0.8326180257510729,4000
7.803687457656727,0,1.0,577,0.8249566724436742,5000
