mean_reward,loss,epsilon,episodes,collision_rate,step
11.998299256766563,0,1.0,86,0.9767441860465116,1000
8.042662041704064,0,1.0,176,0.9829545454545454,2000
10.194309964676801,0,1.0,275,0.9854545454545455,3000
7.776993454998762,0,1.0,370,0.9864864864864865,4000
11.950644331798406,0,1.0,447,0.9798657718120806,5000
