mean_reward,loss,epsilon,episodes,collision_rate,step
5.979807692307691,0,1.0,140,0.55,1000
7.0144230769230775,0,1.0,273,0.5201465201465202,2000
6.092307692307692,0,1.0,418,0.5454545454545454,3000
5.7875,0,1.0,555,0.5369369369369369,4000
6.410576923076922,0,1.0,684,0.5190058479532164,5000
